/*
Navicat MySQL Data Transfer

Source Server         : lj
Source Server Version : 50515
Source Host           : localhost:3306
Source Database       : testmap

Target Server Type    : MYSQL
Target Server Version : 50515
File Encoding         : 65001

Date: 2019-02-19 18:43:32
*/

SET FOREIGN_KEY_CHECKS=0;

-- ----------------------------
-- Table structure for `s_content`
-- ----------------------------
DROP TABLE IF EXISTS `s_content`;
CREATE TABLE `s_content` (
  `pid` int(11) NOT NULL AUTO_INCREMENT COMMENT '编号',
  `user` int(11) DEFAULT '0' COMMENT '用户pid',
  `date` varchar(20) DEFAULT '' COMMENT '日期',
  `local` varchar(255) DEFAULT '' COMMENT '用户位置',
  `type` tinyint(4) DEFAULT '0' COMMENT '用户绘制类型',
  `path` text COMMENT '用户绘制区域',
  `option` varchar(255) DEFAULT '' COMMENT '用户选择的评价',
  `content` text COMMENT '用户自定义的评价',
  PRIMARY KEY (`pid`)
) ENGINE=InnoDB AUTO_INCREMENT=13 DEFAULT CHARSET=utf8mb4;

-- ----------------------------
-- Records of s_content
-- ----------------------------
INSERT INTO `s_content` VALUES ('1', '2', '', '', '3', '[{\"lat\":30.648145433667988,\"lng\":104.0023217773437},{\"lat\":30.62805850326699,\"lng\":104.0407739257812}]', '', '<p>ssss</p>');
INSERT INTO `s_content` VALUES ('2', '2', '', '', '4', '[{\"lat\":30.6570059885689,\"lng\":104.1066918945312},{\"lat\":30.6493268879062,\"lng\":104.13381439208979}]', '1,2,3', '<p>ssdsdsd</p>');
INSERT INTO `s_content` VALUES ('3', '3', '', '', '5', '[{\"lat\":30.692144855080375,\"lng\":103.97107940673823},{\"lat\":30.692144855080375,\"lng\":103.9697061157226},{\"lat\":30.692144855080375,\"lng\":103.96867614746088},{\"lat\":30.692144855080375,\"lng\":103.96215301513666},{\"lat\":30.69125915838375,\"lng\":103.95906311035151},{\"lat\":30.690963924345613,\"lng\":103.9583764648437},{\"lat\":30.690963924345613,\"lng\":103.95768981933588},{\"lat\":30.690373453560507,\"lng\":103.95597320556635},{\"lat\":30.689782979163656,\"lng\":103.95425659179682},{\"lat\":30.689192501155073,\"lng\":103.9532266235351},{\"lat\":30.688897260796388,\"lng\":103.95253997802729},{\"lat\":30.688306777370304,\"lng\":103.95185333251948},{\"lat\":30.688011534302877,\"lng\":103.95151000976557},{\"lat\":30.687125799683304,\"lng\":103.95048004150385},{\"lat\":30.68535430606638,\"lng\":103.94807678222651},{\"lat\":30.684468547069308,\"lng\":103.94704681396479},{\"lat\":30.684173292264617,\"lng\":103.94567352294916},{\"lat\":30.683287522433503,\"lng\":103.94464355468745},{\"lat\":30.682697004698674,\"lng\":103.94361358642573},{\"lat\":30.682106483352616,\"lng\":103.94292694091791},{\"lat\":30.680925429826946,\"lng\":103.9418969726562},{\"lat\":30.680039630203503,\"lng\":103.94121032714838},{\"lat\":30.678268006582194,\"lng\":103.93983703613276},{\"lat\":30.677677458153177,\"lng\":103.93915039062495},{\"lat\":30.67679162873926,\"lng\":103.93846374511713},{\"lat\":30.67590579120098,\"lng\":103.93812042236323},{\"lat\":30.67531522832866,\"lng\":103.93777709960932},{\"lat\":30.672657650721078,\"lng\":103.9367471313476},{\"lat\":30.66970470096242,\"lng\":103.93606048583979},{\"lat\":30.664093847763162,\"lng\":103.93571716308588},{\"lat\":30.662912573995072,\"lng\":103.93571716308588},{\"lat\":30.662617253296872,\"lng\":103.93571716308588},{\"lat\":30.660549983140783,\"lng\":103.9364038085937},{\"lat\":30.65936866605522,\"lng\":103.93709045410151},{\"lat\":30.6570059885689,\"lng\":103.93915039062495},{\"lat\":30.655824628168816,\"lng\":103.94052368164057},{\"lat\":30.654643253331173,\"lng\":103.94155364990229},{\"lat\":30.65168975307506,\"lng\":103.94704681396479},{\"lat\":30.649917609611904,\"lng\":103.9532266235351},{\"lat\":30.646668595570475,\"lng\":103.96249633789057},{\"lat\":30.64607785401612,\"lng\":103.96558624267573},{\"lat\":30.64578248188568,\"lng\":103.96798950195307},{\"lat\":30.644600984342233,\"lng\":103.97039276123041},{\"lat\":30.644305607700975,\"lng\":103.97313934326166},{\"lat\":30.644305607700975,\"lng\":103.97348266601557},{\"lat\":30.644305607700975,\"lng\":103.97622924804682},{\"lat\":30.64371485171202,\"lng\":103.97794586181635},{\"lat\":30.642828710962583,\"lng\":103.98652893066401},{\"lat\":30.642237945952346,\"lng\":103.99030548095698},{\"lat\":30.641942562094055,\"lng\":103.9913354492187},{\"lat\":30.64164717733366,\"lng\":103.99408203124995},{\"lat\":30.64164717733366,\"lng\":103.99511199951166},{\"lat\":30.641752108149785,\"lng\":103.99520874023438},{\"lat\":30.64164717733366,\"lng\":104.00163513183588},{\"lat\":30.642237945952346,\"lng\":104.00472503662104},{\"lat\":30.64253332890853,\"lng\":104.00747161865229},{\"lat\":30.64489636008133,\"lng\":104.01296478271479},{\"lat\":30.646373225244403,\"lng\":104.01742797851557},{\"lat\":30.6493268879062,\"lng\":104.02360778808588},{\"lat\":30.650212969111426,\"lng\":104.02566772460932},{\"lat\":30.651394398086868,\"lng\":104.02772766113276},{\"lat\":30.65168975307506,\"lng\":104.02841430664057},{\"lat\":30.652280460344667,\"lng\":104.02910095214838},{\"lat\":30.65257581262603,\"lng\":104.0297875976562},{\"lat\":30.654643253331173,\"lng\":104.03219085693354},{\"lat\":30.65907333452779,\"lng\":104.03665405273432},{\"lat\":30.659959326402838,\"lng\":104.03699737548823},{\"lat\":30.661140636269025,\"lng\":104.03837066650385},{\"lat\":30.662617253296872,\"lng\":104.04008728027338},{\"lat\":30.663798530674867,\"lng\":104.04146057128901},{\"lat\":30.664389163948996,\"lng\":104.04214721679682},{\"lat\":30.664979793613146,\"lng\":104.04249053955073},{\"lat\":30.666161042111344,\"lng\":104.04352050781245},{\"lat\":30.667637582427293,\"lng\":104.04455047607416},{\"lat\":30.668228192235873,\"lng\":104.04523712158198},{\"lat\":30.66940940102228,\"lng\":104.04592376708979},{\"lat\":30.67147648164896,\"lng\":104.04832702636713},{\"lat\":30.672362359806993,\"lng\":104.04901367187495},{\"lat\":30.673248229841327,\"lng\":104.05038696289057},{\"lat\":30.674134091751863,\"lng\":104.0521035766601},{\"lat\":30.674429377250075,\"lng\":104.05279022216791},{\"lat\":30.67620107128309,\"lng\":104.05553680419916},{\"lat\":30.67708690611329,\"lng\":104.0572534179687},{\"lat\":30.67738218258458,\"lng\":104.05828338623041},{\"lat\":30.678858551400285,\"lng\":104.06102996826166},{\"lat\":30.680039630203503,\"lng\":104.0627465820312},{\"lat\":30.680925429826946,\"lng\":104.06411987304682},{\"lat\":30.68240174447704,\"lng\":104.06583648681635},{\"lat\":30.683287522433503,\"lng\":104.06686645507807},{\"lat\":30.684763800971176,\"lng\":104.06789642333979},{\"lat\":30.684868684981264,\"lng\":104.0679931640625},{\"lat\":30.688011534302877,\"lng\":104.06892639160151},{\"lat\":30.68948774061081,\"lng\":104.06926971435541},{\"lat\":30.69125915838375,\"lng\":104.06926971435541},{\"lat\":30.692144855080375,\"lng\":104.06926971435541},{\"lat\":30.6933257713676,\"lng\":104.06926971435541},{\"lat\":30.69450667320697,\"lng\":104.06926971435541},{\"lat\":30.6962779988756,\"lng\":104.06926971435541},{\"lat\":30.698049292034707,\"lng\":104.06926971435541},{\"lat\":30.699230136079404,\"lng\":104.06892639160151},{\"lat\":30.700706170815646,\"lng\":104.0685830688476},{\"lat\":30.701886982348537,\"lng\":104.0685830688476},{\"lat\":30.703658172553652,\"lng\":104.06720977783198},{\"lat\":30.70720045542054,\"lng\":104.06514984130854},{\"lat\":30.708971548080154,\"lng\":104.06377655029291},{\"lat\":30.710152258454762,\"lng\":104.06240325927729},{\"lat\":30.711037781751287,\"lng\":104.06137329101557},{\"lat\":30.7125136358462,\"lng\":104.05999999999995},{\"lat\":30.713694302862365,\"lng\":104.05828338623041},{\"lat\":30.71605559353402,\"lng\":104.05553680419916},{\"lat\":30.71812167544427,\"lng\":104.05107360839838},{\"lat\":30.71900712556895,\"lng\":104.05004364013666},{\"lat\":30.71989256756271,\"lng\":104.04764038085932},{\"lat\":30.72048285770801,\"lng\":104.04592376708979},{\"lat\":30.721663427157054,\"lng\":104.0411172485351},{\"lat\":30.722843982150444,\"lng\":104.03802734374995},{\"lat\":30.72402452268786,\"lng\":104.03493743896479},{\"lat\":30.725500178030444,\"lng\":104.02875762939448},{\"lat\":30.72500951950461,\"lng\":104.027824454967},{\"lat\":30.726680686040762,\"lng\":104.0242944335937},{\"lat\":30.72756605756108,\"lng\":104.02120452880854},{\"lat\":30.728156300723413,\"lng\":104.01845794677729},{\"lat\":30.728156300723413,\"lng\":104.01571136474604},{\"lat\":30.72773328908829,\"lng\":104.01515377818737},{\"lat\":30.728746540271384,\"lng\":104.01159149169916},{\"lat\":30.729041658689994,\"lng\":104.00987487792963},{\"lat\":30.729336776204974,\"lng\":104.00850158691401},{\"lat\":30.729336776204974,\"lng\":104.00747161865229},{\"lat\":30.729336776204974,\"lng\":104.00609832763666},{\"lat\":30.729336776204974,\"lng\":104.00472503662104},{\"lat\":30.7299270085241,\"lng\":104.00403839111323},{\"lat\":30.730222123328257,\"lng\":104.00129180908198},{\"lat\":30.730517237228774,\"lng\":103.99854522705073},{\"lat\":30.73081235022566,\"lng\":103.99785858154291},{\"lat\":30.73081235022566,\"lng\":103.9968286132812},{\"lat\":30.731402573508504,\"lng\":103.99511199951166},{\"lat\":30.731697683794486,\"lng\":103.99442535400385},{\"lat\":30.73199279317679,\"lng\":103.99270874023432},{\"lat\":30.73228790165545,\"lng\":103.9916787719726},{\"lat\":30.73258300923046,\"lng\":103.98996215820307},{\"lat\":30.73287811590181,\"lng\":103.98893218994135},{\"lat\":30.73287811590181,\"lng\":103.98790222167963},{\"lat\":30.73317322166947,\"lng\":103.98721557617182},{\"lat\":30.732892012589815,\"lng\":103.9871604577155},{\"lat\":30.733468326533448,\"lng\":103.98515563964838},{\"lat\":30.733468326533448,\"lng\":103.98412567138666},{\"lat\":30.733468326533448,\"lng\":103.98309570312495},{\"lat\":30.7340585335504,\"lng\":103.98103576660151},{\"lat\":30.7340585335504,\"lng\":103.97931915283198},{\"lat\":30.7340585335504,\"lng\":103.97760253906245},{\"lat\":30.7340585335504,\"lng\":103.97588592529291},{\"lat\":30.7340585335504,\"lng\":103.97382598876948},{\"lat\":30.734353635703325,\"lng\":103.97210937499995},{\"lat\":30.734353635703325,\"lng\":103.97107940673823},{\"lat\":30.734353635703325,\"lng\":103.9693627929687},{\"lat\":30.734353635703325,\"lng\":103.96764617919916},{\"lat\":30.734353635703325,\"lng\":103.96489959716791},{\"lat\":30.734353635703325,\"lng\":103.96352630615229},{\"lat\":30.734353635703325,\"lng\":103.96112304687495},{\"lat\":30.734353635703325,\"lng\":103.95974975585932},{\"lat\":30.734353635703325,\"lng\":103.95768981933588},{\"lat\":30.734353635703325,\"lng\":103.95562988281245},{\"lat\":30.734353635703325,\"lng\":103.95494323730463},{\"lat\":30.734353635703325,\"lng\":103.9532266235351},{\"lat\":30.734353635703325,\"lng\":103.95116668701166},{\"lat\":30.734353635703325,\"lng\":103.94945007324213},{\"lat\":30.734353635703325,\"lng\":103.94876342773432},{\"lat\":30.734353635703325,\"lng\":103.9477334594726},{\"lat\":30.734353635703325,\"lng\":103.94704681396479},{\"lat\":30.7340585335504,\"lng\":103.94636016845698},{\"lat\":30.7340585335504,\"lng\":103.94498687744135},{\"lat\":30.7340585335504,\"lng\":103.94430023193354},{\"lat\":30.7340585335504,\"lng\":103.94327026367182},{\"lat\":30.733763430493767,\"lng\":103.94258361816401},{\"lat\":30.73317322166947,\"lng\":103.94052368164057},{\"lat\":30.73258300923046,\"lng\":103.93880706787104},{\"lat\":30.73258300923046,\"lng\":103.93812042236323},{\"lat\":30.73228790165545,\"lng\":103.9367471313476},{\"lat\":30.73199279317679,\"lng\":103.93606048583979},{\"lat\":30.73199279317679,\"lng\":103.93537384033198}]', '', '<p>dddddddddddd</p>');
INSERT INTO `s_content` VALUES ('4', '4', '', '', '5', '[{\"lat\":30.686240056937745,\"lng\":104.14033752441401},{\"lat\":30.686240056937745,\"lng\":104.13862091064448},{\"lat\":30.68564955725969,\"lng\":104.13759094238276},{\"lat\":30.684763800971176,\"lng\":104.13621765136713},{\"lat\":30.683287522433503,\"lng\":104.1341577148437},{\"lat\":30.68122069456255,\"lng\":104.13209777832026},{\"lat\":30.679449092607406,\"lng\":104.13106781005854},{\"lat\":30.67620107128309,\"lng\":104.13003784179682},{\"lat\":30.67501994553845,\"lng\":104.13003784179682},{\"lat\":30.672067067990266,\"lng\":104.12935119628901},{\"lat\":30.67059059536739,\"lng\":104.12935119628901},{\"lat\":30.668228192235873,\"lng\":104.13003784179682},{\"lat\":30.666751660945348,\"lng\":104.13141113281245},{\"lat\":30.664389163948996,\"lng\":104.13312774658198},{\"lat\":30.662912573995072,\"lng\":104.13484436035151},{\"lat\":30.662026609193084,\"lng\":104.13587432861323},{\"lat\":30.660845310156123,\"lng\":104.13827758789057},{\"lat\":30.660845310156123,\"lng\":104.14033752441401},{\"lat\":30.660549983140783,\"lng\":104.14445739746088},{\"lat\":30.66025465522303,\"lng\":104.14960723876948},{\"lat\":30.66025465522303,\"lng\":104.15853363037104},{\"lat\":30.66025465522303,\"lng\":104.16402679443354},{\"lat\":30.660845310156123,\"lng\":104.16986328124995},{\"lat\":30.66143596147947,\"lng\":104.17535644531245},{\"lat\":30.662321931696212,\"lng\":104.17913299560541},{\"lat\":30.663798530674867,\"lng\":104.1839395141601},{\"lat\":30.664389163948996,\"lng\":104.18496948242182},{\"lat\":30.665275107091457,\"lng\":104.18737274169916},{\"lat\":30.666161042111344,\"lng\":104.18874603271479},{\"lat\":30.666751660945348,\"lng\":104.18977600097651},{\"lat\":30.667342276169194,\"lng\":104.19080596923823},{\"lat\":30.668523495786324,\"lng\":104.19183593749995},{\"lat\":30.66970470096242,\"lng\":104.19217926025385},{\"lat\":30.672067067990266,\"lng\":104.19355255126948},{\"lat\":30.672657650721078,\"lng\":104.19389587402338},{\"lat\":30.67354351804749,\"lng\":104.19389587402338},{\"lat\":30.673648414243683,\"lng\":104.1939926147461},{\"lat\":30.67531522832866,\"lng\":104.19423919677729},{\"lat\":30.67679162873926,\"lng\":104.19389587402338},{\"lat\":30.678268006582194,\"lng\":104.19389587402338},{\"lat\":30.680039630203503,\"lng\":104.19286590576166},{\"lat\":30.681811221325372,\"lng\":104.19114929199213},{\"lat\":30.68299226401749,\"lng\":104.18977600097651},{\"lat\":30.684468547069308,\"lng\":104.18771606445307},{\"lat\":30.68564955725969,\"lng\":104.18565612792963},{\"lat\":30.68653530542247,\"lng\":104.18428283691401},{\"lat\":30.68742104545939,\"lng\":104.18153625488276},{\"lat\":30.688897260796388,\"lng\":104.17741638183588},{\"lat\":30.689782979163656,\"lng\":104.17363983154291},{\"lat\":30.690963924345613,\"lng\":104.16883331298823},{\"lat\":30.69125915838375,\"lng\":104.16505676269526},{\"lat\":30.691554391518917,\"lng\":104.16231018066401},{\"lat\":30.691849623751132,\"lng\":104.15922027587885},{\"lat\":30.692144855080375,\"lng\":104.1564736938476},{\"lat\":30.692144855080375,\"lng\":104.15372711181635},{\"lat\":30.692144855080375,\"lng\":104.15132385253901},{\"lat\":30.692144855080375,\"lng\":104.14960723876948},{\"lat\":30.692144855080375,\"lng\":104.14789062499995},{\"lat\":30.691873653423688,\"lng\":104.14750629309924},{\"lat\":30.69171203123684,\"lng\":104.1473323973596}]', '', '<p>ddddddddsssssssssss</p>');
INSERT INTO `s_content` VALUES ('5', '5', '2019-01-28 18:37:45', '', '5', '[{\"lat\":30.66025465522303,\"lng\":104.14068084716791},{\"lat\":30.656415310173568,\"lng\":104.14068084716791},{\"lat\":30.653757212728525,\"lng\":104.14068084716791},{\"lat\":30.650508327708653,\"lng\":104.14068084716791},{\"lat\":30.646668595570475,\"lng\":104.14136749267573},{\"lat\":30.64371485171202,\"lng\":104.14377075195307},{\"lat\":30.641056405106568,\"lng\":104.14651733398432},{\"lat\":30.639874849827354,\"lng\":104.14960723876948},{\"lat\":30.638693280115014,\"lng\":104.15338378906245},{\"lat\":30.638102489846517,\"lng\":104.15784698486323},{\"lat\":30.638102489846517,\"lng\":104.1616235351562},{\"lat\":30.638102489846517,\"lng\":104.16505676269526},{\"lat\":30.638397885431793,\"lng\":104.16848999023432},{\"lat\":30.639284066775307,\"lng\":104.16986328124995},{\"lat\":30.640465629271127,\"lng\":104.17157989501948},{\"lat\":30.64164717733366,\"lng\":104.1729531860351},{\"lat\":30.64341947236434,\"lng\":104.17432647705073},{\"lat\":30.645487108853054,\"lng\":104.17569976806635},{\"lat\":30.648145433667988,\"lng\":104.17741638183588},{\"lat\":30.650803685403655,\"lng\":104.17775970458979},{\"lat\":30.654052560498382,\"lng\":104.17775970458979},{\"lat\":30.656119969622374,\"lng\":104.17775970458979},{\"lat\":30.65877800209797,\"lng\":104.17707305908198},{\"lat\":30.659959326402838,\"lng\":104.17672973632807},{\"lat\":30.661731285787493,\"lng\":104.17569976806635},{\"lat\":30.663207893790812,\"lng\":104.17398315429682},{\"lat\":30.664389163948996,\"lng\":104.1729531860351},{\"lat\":30.664459414124348,\"lng\":104.17279579155343},{\"lat\":30.665275107091457,\"lng\":104.17192321777338},{\"lat\":30.665221509502683,\"lng\":104.17220422947094},{\"lat\":30.664684479232314,\"lng\":104.17192321777338},{\"lat\":30.662912573995072,\"lng\":104.1726098632812},{\"lat\":30.661140636269025,\"lng\":104.17329650878901},{\"lat\":30.660549983140783,\"lng\":104.17363983154291},{\"lat\":30.658187334531156,\"lng\":104.17466979980463},{\"lat\":30.656710649822433,\"lng\":104.17501312255854},{\"lat\":30.654643253331173,\"lng\":104.17535644531245},{\"lat\":30.653166514481867,\"lng\":104.17535644531245},{\"lat\":30.65168975307506,\"lng\":104.17535644531245},{\"lat\":30.650212969111426,\"lng\":104.17535644531245},{\"lat\":30.64873616259155,\"lng\":104.17466979980463},{\"lat\":30.646668595570475,\"lng\":104.17398315429682},{\"lat\":30.64341947236434,\"lng\":104.17157989501948},{\"lat\":30.641056405106568,\"lng\":104.16883331298823},{\"lat\":30.63751169596987,\"lng\":104.16471343994135},{\"lat\":30.633671447825552,\"lng\":104.15990692138666},{\"lat\":30.6298310472494,\"lng\":104.15372711181635},{\"lat\":30.62569506078613,\"lng\":104.14342742919916},{\"lat\":30.623627001269416,\"lng\":104.13793426513666},{\"lat\":30.62008165358055,\"lng\":104.13106781005854},{\"lat\":30.61683163746353,\"lng\":104.12454467773432},{\"lat\":30.613581512244124,\"lng\":104.1180215454101},{\"lat\":30.610331277929124,\"lng\":104.11046844482416},{\"lat\":30.609740314515022,\"lng\":104.10806518554682},{\"lat\":30.610256573802598,\"lng\":104.10842741848433},{\"lat\":30.6105522465079,\"lng\":104.10876961529618},{\"lat\":30.612104146533884,\"lng\":104.11149841308588},{\"lat\":30.613876982681337,\"lng\":104.11390167236323},{\"lat\":30.617127097982628,\"lng\":104.12008148193354},{\"lat\":30.620672553879544,\"lng\":104.12557464599604},{\"lat\":30.623627001269416,\"lng\":104.13244110107416},{\"lat\":30.626285926817395,\"lng\":104.13930755615229},{\"lat\":30.6292402028628,\"lng\":104.1454873657226},{\"lat\":30.63278521506778,\"lng\":104.15269714355463},{\"lat\":30.633966856940877,\"lng\":104.15475708007807},{\"lat\":30.636330097392243,\"lng\":104.15819030761713},{\"lat\":30.638207424507982,\"lng\":104.16007858276362},{\"lat\":30.641056405106568,\"lng\":104.1616235351562},{\"lat\":30.642828710962583,\"lng\":104.16299682617182},{\"lat\":30.64519173491827,\"lng\":104.16437011718745},{\"lat\":30.647259333516075,\"lng\":104.16540008544916},{\"lat\":30.650508327708653,\"lng\":104.16608673095698},{\"lat\":30.653757212728525,\"lng\":104.1674600219726},{\"lat\":30.656415310173568,\"lng\":104.16883331298823},{\"lat\":30.65877800209797,\"lng\":104.16917663574213},{\"lat\":30.660549983140783,\"lng\":104.16986328124995},{\"lat\":30.662617253296872,\"lng\":104.16986328124995},{\"lat\":30.664093847763162,\"lng\":104.16986328124995},{\"lat\":30.665865731340574,\"lng\":104.16986328124995},{\"lat\":30.666751660945348,\"lng\":104.16986328124995},{\"lat\":30.668228192235873,\"lng\":104.16951995849604},{\"lat\":30.66940940102228,\"lng\":104.16883331298823},{\"lat\":30.67059059536739,\"lng\":104.16814666748041},{\"lat\":30.67147648164896,\"lng\":104.1674600219726},{\"lat\":30.672362359806993,\"lng\":104.1674600219726},{\"lat\":30.672467257285764,\"lng\":104.16755676269531},{\"lat\":30.674134091751863,\"lng\":104.16677337646479},{\"lat\":30.67414724314184,\"lng\":104.16669944667024}]', '', '<p>wwwwww</p>');
INSERT INTO `s_content` VALUES ('6', '5', '2019-02-13 12:15:41', '', '2', '[{\"lat\":35.94047713618319,\"lng\":-83.88449860815433},{\"lat\":35.937975425661456,\"lng\":-83.88758851293949},{\"lat\":35.937141504557665,\"lng\":-83.88896180395511},{\"lat\":35.93602959606663,\"lng\":-83.89033509497074},{\"lat\":35.93491767193467,\"lng\":-83.89205170874027},{\"lat\":35.932971767068366,\"lng\":-83.89445496801761},{\"lat\":35.931025814303354,\"lng\":-83.89720155004886},{\"lat\":35.92796779175749,\"lng\":-83.8996048093262},{\"lat\":35.92268547423863,\"lng\":-83.90200806860355},{\"lat\":35.91934909190098,\"lng\":-83.90303803686527},{\"lat\":35.91573451887916,\"lng\":-83.90406800512699},{\"lat\":35.91323202541554,\"lng\":-83.90406800512699},{\"lat\":35.90961717288103,\"lng\":-83.90406800512699},{\"lat\":35.906558322506754,\"lng\":-83.90200806860355},{\"lat\":35.903499353887824,\"lng\":-83.8992614865723},{\"lat\":35.900996473433786,\"lng\":-83.89617158178714},{\"lat\":35.90071837071967,\"lng\":-83.89479829077152}]', '15,16,17', '<p>www</p>');
INSERT INTO `s_content` VALUES ('7', '5', '2019-02-13 17:07:26', '{\"lat\":30.542417,\"lng\":104.068578}', '2', '[{\"lat\":30.54159159334501,\"lng\":104.04409770618622},{\"lat\":30.534226551236358,\"lng\":104.04663589314987},{\"lat\":30.53246438758001,\"lng\":104.04704993821179},{\"lat\":30.53061169157758,\"lng\":104.047887300816},{\"lat\":30.5288166386489,\"lng\":104.04864913723395},{\"lat\":30.52757160415397,\"lng\":104.0495740488168},{\"lat\":30.526597750686744,\"lng\":104.05033141663262},{\"lat\":30.52502323808538,\"lng\":104.05130954282322},{\"lat\":30.522311262466687,\"lng\":104.05369701269046},{\"lat\":30.521366039741505,\"lng\":104.05487907058523},{\"lat\":30.520706218702674,\"lng\":104.05614318731205},{\"lat\":30.519814223432554,\"lng\":104.05750102943239},{\"lat\":30.51856996715559,\"lng\":104.06080310638026},{\"lat\":30.51835199163696,\"lng\":104.06289084986747},{\"lat\":30.51809970805684,\"lng\":104.06611155949031},{\"lat\":30.520351905456792,\"lng\":104.07416625935548},{\"lat\":30.522827937375233,\"lng\":104.07752532800623},{\"lat\":30.525445855487238,\"lng\":104.07956294771247},{\"lat\":30.527460117582475,\"lng\":104.08056613579356},{\"lat\":30.529244853039444,\"lng\":104.08109245120977},{\"lat\":30.53215653991166,\"lng\":104.08222644412854},{\"lat\":30.53397401106212,\"lng\":104.08320731539243},{\"lat\":30.534204675998517,\"lng\":104.08335356912539}]', '15,16,17', '<p>滚滚滚滚滚滚滚滚滚</p>');
INSERT INTO `s_content` VALUES ('8', '2', '2019-02-14 15:31:25', '', '3', '[{\"lat\":35.93436170400341,\"lng\":-83.90544129614261},{\"lat\":35.91573451887916,\"lng\":-83.8608093381348}]', '15,16', '<p>dddd</p>');
INSERT INTO `s_content` VALUES ('9', '2', '2019-02-14 15:31:35', '', '2', '[{\"lat\":35.92657774241042,\"lng\":-83.88072205786136},{\"lat\":35.924909650938,\"lng\":-83.88106538061527},{\"lat\":35.92351954783156,\"lng\":-83.88106538061527},{\"lat\":35.92212942028964,\"lng\":-83.88037873510746},{\"lat\":35.920461234985076,\"lng\":-83.87934876684574},{\"lat\":35.91934909190098,\"lng\":-83.87900544409183},{\"lat\":35.918236933178946,\"lng\":-83.87797547583011},{\"lat\":35.91684671278584,\"lng\":-83.8776321530762},{\"lat\":35.91545646795916,\"lng\":-83.8769455075684},{\"lat\":35.91434425450588,\"lng\":-83.87625886206058},{\"lat\":35.91323202541554,\"lng\":-83.87557221655277},{\"lat\":35.91184171706337,\"lng\":-83.87454224829105},{\"lat\":35.91100752032457,\"lng\":-83.87385560278324},{\"lat\":35.91017331479026,\"lng\":-83.87316895727542},{\"lat\":35.90933910046053,\"lng\":-83.8717956662598},{\"lat\":35.90878295268775,\"lng\":-83.87007905249027},{\"lat\":35.908226801005966,\"lng\":-83.86801911596683},{\"lat\":35.90767064541518,\"lng\":-83.8666458249512},{\"lat\":35.90711448591544,\"lng\":-83.86561585668949},{\"lat\":35.906558322506754,\"lng\":-83.86458588842777},{\"lat\":35.905445983962665,\"lng\":-83.86389924291996},{\"lat\":35.904333629783125,\"lng\":-83.86389924291996},{\"lat\":35.903221259968326,\"lng\":-83.86355592016605}]', '16', '<p>ddd</p>');
INSERT INTO `s_content` VALUES ('10', '4', '2019-02-14 15:31:52', '', '3', '[{\"lat\":35.93324975641043,\"lng\":-83.8996048093262},{\"lat\":35.92073926831266,\"lng\":-83.86218262915042}]', '15,16,18', '<p>www</p>');
INSERT INTO `s_content` VALUES ('11', '4', '2019-02-14 15:32:03', '', '4', '[{\"lat\":35.91934909190098,\"lng\":-83.9596862912598},{\"lat\":35.914622309335186,\"lng\":-83.94698334936527}]', '18', '<p>wwwww</p>');
INSERT INTO `s_content` VALUES ('12', '5', '2019-02-14 15:32:24', '', '4', '[{\"lat\":35.936307574655736,\"lng\":-83.94766999487308},{\"lat\":35.92963581871753,\"lng\":-83.9377136350098}]', '16,18', '<p>w2ssss</p>');

-- ----------------------------
-- Table structure for `s_options`
-- ----------------------------
DROP TABLE IF EXISTS `s_options`;
CREATE TABLE `s_options` (
  `pid` int(11) NOT NULL AUTO_INCREMENT COMMENT '编号',
  `name` varchar(255) DEFAULT '' COMMENT '名称',
  `status` tinyint(4) DEFAULT '0' COMMENT '状态  0：禁用，1：启用',
  PRIMARY KEY (`pid`)
) ENGINE=InnoDB AUTO_INCREMENT=19 DEFAULT CHARSET=utf8mb4;

-- ----------------------------
-- Records of s_options
-- ----------------------------
INSERT INTO `s_options` VALUES ('15', 'Parameter 0 of method tomcatServletWebServerFactory in com.jian.map.App required a bean of type \'org.apache.catalina.connector.Connector\' that could not be found.', '1');
INSERT INTO `s_options` VALUES ('16', 'Parameter 0 of method tomcatServletWebServerFactory in com.jian.map.App required a bean of type \'org.apache.catalina.connector.Connector\' that could not be found.', '1');
INSERT INTO `s_options` VALUES ('17', 'Parameter 0 of method tomcatServletWebServerFactory in com.jian.map.App required a bean of type \'org.apache.catalina.connector.Connector\' that could not be found.', '1');
INSERT INTO `s_options` VALUES ('18', 'Parameter 0 of method tomcatServletWebServerFactory in com.jian.map.App required a bean of type \'org.apache.catalina.connector.Connector\' that could not be found.sssss', '1');

-- ----------------------------
-- Table structure for `s_trace`
-- ----------------------------
DROP TABLE IF EXISTS `s_trace`;
CREATE TABLE `s_trace` (
  `pid` int(11) NOT NULL AUTO_INCREMENT COMMENT '编号',
  `user` int(11) DEFAULT '0' COMMENT '用户pid',
  `date` varchar(20) DEFAULT '' COMMENT '日期',
  `local` varchar(255) DEFAULT '' COMMENT '用户位置',
  `path` longtext COMMENT '追踪轨迹',
  PRIMARY KEY (`pid`)
) ENGINE=InnoDB AUTO_INCREMENT=16 DEFAULT CHARSET=utf8mb4;

-- ----------------------------
-- Records of s_trace
-- ----------------------------
INSERT INTO `s_trace` VALUES ('13', '2', '2019-02-19 17:56:38', '{\"lat\":30.67,\"lng\":104.06}', '[{\"lat\":30.67,\"lng\":104.06},{\"lat\":30.67,\"lng\":103.06},{\"lat\":30.67,\"lng\":103.06},{\"lat\":30.67,\"lng\":102.06}]');
INSERT INTO `s_trace` VALUES ('14', '2', '2019-02-19 17:58:08', '{\"lat\":30.67,\"lng\":104.06}', '[{\"lat\":30.67,\"lng\":102.06},{\"lat\":29.67,\"lng\":102.06},{\"lat\":29.67,\"lng\":102.06},{\"lat\":28.67,\"lng\":102.06}]');
INSERT INTO `s_trace` VALUES ('15', '2', '2019-02-19 17:59:18', '{\"lat\":30.67,\"lng\":104.06}', '[{\"lat\":28.67,\"lng\":103.06},{\"lat\":29.67,\"lng\":103.06},{\"lat\":29.67,\"lng\":103.06},{\"lat\":30.67,\"lng\":103.06}]');

-- ----------------------------
-- Table structure for `s_user`
-- ----------------------------
DROP TABLE IF EXISTS `s_user`;
CREATE TABLE `s_user` (
  `pid` int(11) NOT NULL AUTO_INCREMENT COMMENT '编号',
  `username` varchar(20) DEFAULT '' COMMENT '用户名',
  `password` varchar(32) DEFAULT '' COMMENT '密码',
  `nick` varchar(20) DEFAULT '' COMMENT '昵称',
  `admin` tinyint(4) DEFAULT '0' COMMENT '超管  0：否，1：是',
  `color` varchar(10) DEFAULT '' COMMENT '颜色',
  PRIMARY KEY (`pid`)
) ENGINE=InnoDB AUTO_INCREMENT=6 DEFAULT CHARSET=utf8mb4;

-- ----------------------------
-- Records of s_user
-- ----------------------------
INSERT INTO `s_user` VALUES ('1', 'admin', '21232f297a57a5a743894a0e4a801fc3', 'admin', '1', '#000000');
INSERT INTO `s_user` VALUES ('2', 'test', '098f6bcd4621d373cade4e832627b4f6', 'test', '0', '#9A5959');
INSERT INTO `s_user` VALUES ('3', 'ttt', 'b2ca678b4c936f905fb82f2733f5297f', 'ttt', '0', '#0A4082');
INSERT INTO `s_user` VALUES ('4', 'qqq', 'b2ca678b4c936f905fb82f2733f5297f', 'qqq', '0', '#4B2517');
INSERT INTO `s_user` VALUES ('5', 'www', '4eae35f1b35977a00ebd8086c259d4c9', 'www', '0', '#fe713e');
